{
    "version": "1.4.0",
    "project": {
        "name": "lab",
        "directory": "/Users/Home/Documents/Michael_Ghattas/School/CU_Boulder/BA-BS/2022/Fall/CSCI_3155/Labs/3/lab3-l3_kinderp_avmc0187_migh6544-main",
        "workspaceDir": "/Users/Home/Documents/Michael_Ghattas/School/CU_Boulder/BA-BS/2022/Fall/CSCI_3155/Labs/3/lab3-l3_kinderp_avmc0187_migh6544-main",
        "sources": [
            "/Users/Home/Documents/Michael_Ghattas/School/CU_Boulder/BA-BS/2022/Fall/CSCI_3155/Labs/3/lab3-l3_kinderp_avmc0187_migh6544-main/src/main/scala",
            "/Users/Home/Documents/Michael_Ghattas/School/CU_Boulder/BA-BS/2022/Fall/CSCI_3155/Labs/3/lab3-l3_kinderp_avmc0187_migh6544-main/src/main/scala-2.13",
            "/Users/Home/Documents/Michael_Ghattas/School/CU_Boulder/BA-BS/2022/Fall/CSCI_3155/Labs/3/lab3-l3_kinderp_avmc0187_migh6544-main/src/main/scala-2",
            "/Users/Home/Documents/Michael_Ghattas/School/CU_Boulder/BA-BS/2022/Fall/CSCI_3155/Labs/3/lab3-l3_kinderp_avmc0187_migh6544-main/src/main/java",
            "/Users/Home/Documents/Michael_Ghattas/School/CU_Boulder/BA-BS/2022/Fall/CSCI_3155/Labs/3/lab3-l3_kinderp_avmc0187_migh6544-main/target/scala-2.13/src_managed/main"
        ],
        "dependencies": [
            
        ],
        "classpath": [
            "/Users/Home/Library/Caches/Coursier/v1/https/repo1.maven.org/maven2/org/scala-lang/scala-library/2.13.6/scala-library-2.13.6.jar",
            "/Users/Home/Library/Caches/Coursier/v1/https/repo1.maven.org/maven2/org/scala-lang/modules/scala-parser-combinators_2.13/2.1.1/scala-parser-combinators_2.13-2.1.1.jar",
            "/Users/Home/Library/Caches/Coursier/v1/https/repo1.maven.org/maven2/org/scalactic/scalactic_2.13/3.2.13/scalactic_2.13-3.2.13.jar",
            "/Users/Home/Library/Caches/Coursier/v1/https/repo1.maven.org/maven2/org/scala-lang/scala-reflect/2.13.6/scala-reflect-2.13.6.jar"
        ],
        "out": "/Users/Home/Documents/Michael_Ghattas/School/CU_Boulder/BA-BS/2022/Fall/CSCI_3155/Labs/3/lab3-l3_kinderp_avmc0187_migh6544-main/.bloop/lab",
        "classesDir": "/Users/Home/Documents/Michael_Ghattas/School/CU_Boulder/BA-BS/2022/Fall/CSCI_3155/Labs/3/lab3-l3_kinderp_avmc0187_migh6544-main/.bloop/lab/scala-2.13/classes",
        "resources": [
            "/Users/Home/Documents/Michael_Ghattas/School/CU_Boulder/BA-BS/2022/Fall/CSCI_3155/Labs/3/lab3-l3_kinderp_avmc0187_migh6544-main/src/main/resources",
            "/Users/Home/Documents/Michael_Ghattas/School/CU_Boulder/BA-BS/2022/Fall/CSCI_3155/Labs/3/lab3-l3_kinderp_avmc0187_migh6544-main/target/scala-2.13/resource_managed/main"
        ],
        "scala": {
            "organization": "org.scala-lang",
            "name": "scala-compiler",
            "version": "2.13.6",
            "options": [
                "-unchecked",
                "-feature",
                "-Xcheckinit",
                "-deprecation",
                "-explaintypes",
                "-Ywarn-extra-implicit",
                "-Xlint:nullary-unit",
                "-Xlint:inaccessible",
                "-Xlint:infer-any",
                "-Xlint:missing-interpolator",
                "-Xlint:option-implicit",
                "-Xlint:package-object-classes",
                "-Xlint:stars-align",
                "-Xlint:constant"
            ],
            "jars": [
                "/Users/Home/Library/Caches/Coursier/v1/https/repo1.maven.org/maven2/org/scala-lang/scala-library/2.13.6/scala-library-2.13.6.jar",
                "/Users/Home/Library/Caches/Coursier/v1/https/repo1.maven.org/maven2/org/scala-lang/scala-compiler/2.13.6/scala-compiler-2.13.6.jar",
                "/Users/Home/Library/Caches/Coursier/v1/https/repo1.maven.org/maven2/org/scala-lang/scala-reflect/2.13.6/scala-reflect-2.13.6.jar",
                "/Users/Home/Library/Caches/Coursier/v1/https/repo1.maven.org/maven2/org/jline/jline/3.19.0/jline-3.19.0.jar",
                "/Users/Home/Library/Caches/Coursier/v1/https/repo1.maven.org/maven2/net/java/dev/jna/jna/5.3.1/jna-5.3.1.jar"
            ],
            "setup": {
                "order": "mixed",
                "addLibraryToBootClasspath": true,
                "addCompilerToClasspath": false,
                "addExtraJarsToClasspath": false,
                "manageBootClasspath": true,
                "filterLibraryFromClasspath": true
            }
        },
        "java": {
            "options": [
                
            ]
        },
        "test": {
            "frameworks": [
                {
                    "names": [
                        "org.scalacheck.ScalaCheckFramework"
                    ]
                },
                {
                    "names": [
                        "org.specs2.runner.Specs2Framework",
                        "org.specs2.runner.SpecsFramework"
                    ]
                },
                {
                    "names": [
                        "org.specs.runner.SpecsFramework"
                    ]
                },
                {
                    "names": [
                        "org.scalatest.tools.Framework",
                        "org.scalatest.tools.ScalaTestFramework"
                    ]
                },
                {
                    "names": [
                        "com.novocode.junit.JUnitFramework"
                    ]
                },
                {
                    "names": [
                        "munit.Framework"
                    ]
                }
            ],
            "options": {
                "excludes": [
                    
                ],
                "arguments": [
                    
                ]
            }
        },
        "platform": {
            "name": "jvm",
            "config": {
                "home": "/Library/Internet Plug-Ins/JavaAppletPlugin.plugin/Contents/Home",
                "options": [
                    "-Duser.dir=/Users/Home/Documents/Michael_Ghattas/School/CU_Boulder/BA-BS/2022/Fall/CSCI_3155/Labs/3/lab3-l3_kinderp_avmc0187_migh6544-main"
                ]
            },
            "mainClass": [
                
            ]
        },
        "resolution": {
            "modules": [
                {
                    "organization": "org.scala-lang",
                    "name": "scala-library",
                    "version": "2.13.6",
                    "configurations": "default",
                    "artifacts": [
                        {
                            "name": "scala-library",
                            "path": "/Users/Home/Library/Caches/Coursier/v1/https/repo1.maven.org/maven2/org/scala-lang/scala-library/2.13.6/scala-library-2.13.6.jar"
                        },
                        {
                            "name": "scala-library",
                            "classifier": "sources",
                            "path": "/Users/Home/Library/Caches/Coursier/v1/https/repo1.maven.org/maven2/org/scala-lang/scala-library/2.13.6/scala-library-2.13.6-sources.jar"
                        }
                    ]
                },
                {
                    "organization": "org.scala-lang.modules",
                    "name": "scala-parser-combinators_2.13",
                    "version": "2.1.1",
                    "configurations": "default",
                    "artifacts": [
                        {
                            "name": "scala-parser-combinators_2.13",
                            "path": "/Users/Home/Library/Caches/Coursier/v1/https/repo1.maven.org/maven2/org/scala-lang/modules/scala-parser-combinators_2.13/2.1.1/scala-parser-combinators_2.13-2.1.1.jar"
                        },
                        {
                            "name": "scala-parser-combinators_2.13",
                            "classifier": "sources",
                            "path": "/Users/Home/Library/Caches/Coursier/v1/https/repo1.maven.org/maven2/org/scala-lang/modules/scala-parser-combinators_2.13/2.1.1/scala-parser-combinators_2.13-2.1.1-sources.jar"
                        }
                    ]
                },
                {
                    "organization": "org.scalactic",
                    "name": "scalactic_2.13",
                    "version": "3.2.13",
                    "configurations": "default",
                    "artifacts": [
                        {
                            "name": "scalactic_2.13",
                            "path": "/Users/Home/Library/Caches/Coursier/v1/https/repo1.maven.org/maven2/org/scalactic/scalactic_2.13/3.2.13/scalactic_2.13-3.2.13.jar"
                        },
                        {
                            "name": "scalactic_2.13",
                            "classifier": "sources",
                            "path": "/Users/Home/Library/Caches/Coursier/v1/https/repo1.maven.org/maven2/org/scalactic/scalactic_2.13/3.2.13/scalactic_2.13-3.2.13-sources.jar"
                        }
                    ]
                },
                {
                    "organization": "org.scala-lang",
                    "name": "scala-reflect",
                    "version": "2.13.6",
                    "configurations": "default",
                    "artifacts": [
                        {
                            "name": "scala-reflect",
                            "path": "/Users/Home/Library/Caches/Coursier/v1/https/repo1.maven.org/maven2/org/scala-lang/scala-reflect/2.13.6/scala-reflect-2.13.6.jar"
                        },
                        {
                            "name": "scala-reflect",
                            "classifier": "sources",
                            "path": "/Users/Home/Library/Caches/Coursier/v1/https/repo1.maven.org/maven2/org/scala-lang/scala-reflect/2.13.6/scala-reflect-2.13.6-sources.jar"
                        }
                    ]
                },
                {
                    "organization": "org.scala-lang",
                    "name": "scala-library",
                    "version": "2.13.6",
                    "configurations": "optional",
                    "artifacts": [
                        {
                            "name": "scala-library",
                            "path": "/Users/Home/Library/Caches/Coursier/v1/https/repo1.maven.org/maven2/org/scala-lang/scala-library/2.13.6/scala-library-2.13.6.jar"
                        },
                        {
                            "name": "scala-library",
                            "classifier": "sources",
                            "path": "/Users/Home/Library/Caches/Coursier/v1/https/repo1.maven.org/maven2/org/scala-lang/scala-library/2.13.6/scala-library-2.13.6-sources.jar"
                        }
                    ]
                }
            ]
        },
        "tags": [
            "library"
        ]
    }
}